movieId,title,imdbId
1,Toy Story (1995),114709
2,GoldenEye (1995),113497
3,Four Rooms (1995),113228
4,Get Shorty (1995),114885
5,Copycat (1995),113041
6,Shanghai Triad (Yao a yao yao dao waipo qiao) (1995),113277
7,Twelve Monkeys (1995),114319
8,Babe (1995),112302
9,Dead Man Walking (1995),114576
10,Richard III (1995),113189
11,Seven (Se7en) (1995),112346
12,"Usual Suspects, The (1995)",112896
13,Mighty Aphrodite (1995),112453
14,"Postino, Il (1994)",113987
15,Mr. Holland's Opus (1995),112760
16,French Twist (Gazon maudit) (1995),112641
17,From Dusk Till Dawn (1996),114388
18,"White Balloon, The (1995)",113101
19,Antonia's Line (1995),112281
20,Angels and Insects (1995),113845
21,Muppet Treasure Island (1996),113161
22,Braveheart (1995),112722
23,Taxi Driver (1976),112401
24,Rumble in the Bronx (1995),114168
25,"Birdcage, The (1996)",113627
26,"Brothers McMullen, The (1995)",114057
27,Bad Boys (1995),114011
28,Apollo 13 (1995),114117
29,Batman Forever (1995),112682
30,Belle de jour (1967),115012
31,Crimson Tide (1995),112792
32,Crumb (1994),114746
33,Desperado (1995),114952
34,"Doom Generation, The (1995)",112431
35,Free Willy 2: The Adventure Home (1995),112637
36,Mad Love (1995),112818
37,Nadja (1994),112286
38,"Net, The (1995)",113442
39,Strange Days (1995),112697
40,"To Wong Foo, Thanks for Everything! Julie Newmar (1995)",112749
41,Billy Madison (1995),114279
42,Clerks (1994),112819
43,Disclosure (1994),114272
44,Dolores Claiborne (1994),113855
45,Eat Drink Man Woman (1994),114681
46,Exotica (1994),113347
47,Ed Wood (1994),114369
48,Hoop Dreams (1994),114148
49,I.Q. (1994),114916
50,Star Wars (1977),114814
51,Legends of the Fall (1994),109950
52,"Madness of King George, The (1994)",113819
53,Natural Born Killers (1994),110299
54,Outbreak (1995),112499
55,"Professional, The (1994)",113158
56,Pulp Fiction (1994),113541
57,Priest (1994),113321
58,Quiz Show (1994),110877
59,Three Colors: Red (1994),112714
60,Three Colors: Blue (1993),113419
61,Three Colors: White (1994),116260
62,Stargate (1994),113862
63,"Santa Clause, The (1994)",116126
64,"Shawshank Redemption, The (1994)",118002
65,What's Eating Gilbert Grape (1993),115683
66,While You Were Sleeping (1995),116839
67,Ace Ventura: Pet Detective (1994),114753
68,"Crow, The (1994)",113149
69,Forrest Gump (1994),113118
70,Four Weddings and a Funeral (1994),116367
71,"Lion King, The (1994)",113010
72,"Mask, The (1994)",113537
73,Maverick (1994),113828
74,Faster Pussycat! Kill! Kill! (1965),115644
75,Brother Minister: The Assassination of Malcolm X (1994),115676
76,Carlito's Way (1993),114367
77,"Firm, The (1993)",113973
78,Free Willy (1993),112744
79,"Fugitive, The (1993)",116731
80,Hot Shots! Part Deux (1993),112445
81,"Hudsucker Proxy, The (1994)",114660
82,Jurassic Park (1993),112379
83,Much Ado About Nothing (1993),114039
84,Robert A. Heinlein's The Puppet Masters (1994),113612
85,"Ref, The (1994)",112365
86,"Remains of the Day, The (1993)",118158
87,Searching for Bobby Fischer (1993),116151
88,Sleepless in Seattle (1993),115697
89,Blade Runner (1982),113972
90,So I Married an Axe Murderer (1993),113490
91,"Nightmare Before Christmas, The (1993)",
92,True Romance (1993),117002
93,Welcome to the Dollhouse (1995),114825
94,Home Alone (1990),115639
95,Aladdin (1992),115759
96,Terminator 2: Judgment Day (1991),113403
97,Dances with Wolves (1990),113247
98,"Silence of the Lambs, The (1991)",111173
99,Snow White and the Seven Dwarfs (1937),113283
100,Fargo (1996),115907
101,Heavy Metal (1981),115734
102,"Aristocats, The (1970)",117102
103,All Dogs Go to Heaven 2 (1996),118040
104,Theodore Rex (1995),116483
105,Sgt. Bilko (1996),112579
106,Diabolique (1996),110251
107,Moll Flanders (1996),117110
108,Kids in the Hall: Brain Candy (1996),112646
109,Mystery Science Theater 3000: The Movie (1996),113276
110,Operation Dumbo Drop (1995),112573
111,"Truth About Cats & Dogs, The (1996)",75314
112,Flipper (1996),113326
113,"Horseman on the Roof, The (Hussard sur le toit, Le) (1995)",115645
114,Wallace & Gromit: The Best of Aardman Animation (1996),113774
115,"Haunted World of Edward D. Wood Jr., The (1995)",112556
116,Cold Comfort Farm (1995),112373
117,"Rock, The (1996)",115033
118,Twister (1996),116606
119,Maya Lin: A Strong Clear Vision (1994),114536
120,Striptease (1996),117427
121,Independence Day (ID4) (1996),106473
122,"Cable Guy, The (1996)",103859
123,"Frighteners, The (1996)",109424
124,Lone Star (1996),114808
125,Phenomenon (1996),116324
126,"Spitfire Grill, The (1996)",110647
127,"Godfather, The (1972)",111055
128,Supercop (1992),110217
129,Bound (1996),114131
130,Kansas City (1996),112364
131,Breakfast at Tiffany's (1961),113107
132,"Wizard of Oz, The (1939)",113451
133,Gone with the Wind (1939),114015
134,Citizen Kane (1941),114500
135,2001: A Space Odyssey (1968),116130
136,Mr. Smith Goes to Washington (1939),113125
137,Big Night (1996),113756
138,D3: The Mighty Ducks (1996),113952
139,"Love Bug, The (1969)",114618
140,Homeward Bound: The Incredible Journey (1993),118055
141,"20,000 Leagues Under the Sea (1954)",115685
142,Bedknobs and Broomsticks (1971),94878
143,"Sound of Music, The (1965)",113200
144,Die Hard (1988),112585
145,"Lawnmower Man, The (1992)",112442
146,Unhook the Stars (1996),112342
147,"Long Kiss Goodnight, The (1996)",112461
148,"Ghost and the Darkness, The (1996)",112427
149,Jude (1996),109093
150,Swingers (1996),112384
151,Willy Wonka and the Chocolate Factory (1971),114287
152,Sleeper (1973),112288
153,"Fish Called Wanda, A (1988)",112462
154,Monty Python's Life of Brian (1979),61395
155,Dirty Dancing (1987),112495
156,Reservoir Dogs (1992),112541
157,Platoon (1986),109370
158,Weekend at Bernie's (1989),112642
159,Basic Instinct (1992),112688
160,Glengarry Glen Ross (1992),112715
161,Top Gun (1986),112740
162,On Golden Pond (1981),109508
163,"Return of the Pink Panther, The (1974)",112851
164,"Abyss, The (1989)",112857
165,Jean de Florette (1986),112864
166,Manon of the Spring (Manon des sources) (1986),112887
167,Private Benjamin (1980),113044
168,Monty Python and the Holy Grail (1974),113071
169,"Wrong Trousers, The (1993)",113114
170,Cinema Paradiso (1988),113243
171,Delicatessen (1991),113464
172,"Empire Strikes Back, The (1980)",113481
173,"Princess Bride, The (1987)",113492
174,Raiders of the Lost Ark (1981),113500
175,Brazil (1985),113540
176,Aliens (1986),113677
177,"Good, The Bad and The Ugly, The (1966)",113690
178,12 Angry Men (1957),107447
179,"Clockwork Orange, A (1971)",113729
180,Apocalypse Now (1979),113749
181,Return of the Jedi (1983),113820
182,GoodFellas (1990),113851
183,Alien (1979),110604
184,Army of Darkness (1993),110620
185,Psycho (1960),113957
186,"Blues Brothers, The (1980)",113986
187,"Godfather: Part II, The (1974)",114095
188,Full Metal Jacket (1987),114194
189,"Grand Day Out, A (1992)",114241
190,Henry V (1989),114323
191,Amadeus (1984),114345
192,Raging Bull (1980),114435
193,"Right Stuff, The (1983)",114436
194,"Sting, The (1973)",114478
195,"Terminator, The (1984)",114496
196,Dead Poets Society (1989),114508
197,"Graduate, The (1967)",114534
198,Nikita (La Femme Nikita) (1990),114558
199,"Bridge on the River Kwai, The (1957)",58450
200,"Shining, The (1980)",114666
201,Evil Dead II (1987),114663
202,Groundhog Day (1993),114702
203,Unforgiven (1992),114682
204,Back to the Future (1985),114781
205,Patton (1970),114798
206,Akira (1988),114805
207,Cyrano de Bergerac (1990),114887
208,Young Frankenstein (1974),114898
209,This Is Spinal Tap (1984),114928
210,Indiana Jones and the Last Crusade (1989),114938
211,M*A*S*H (1970),109340
212,"Unbearable Lightness of Being, The (1988)",112602
213,"Room with a View, A (1986)",111579
214,Pink Floyd - The Wall (1982),110882
215,Field of Dreams (1989),112471
216,When Harry Met Sally... (1989),112508
217,Bram Stoker's Dracula (1992),112438
218,Cape Fear (1991),112571
219,"Nightmare on Elm Street, A (1984)",112757
220,"Mirror Has Two Faces, The (1996)",112643
221,Breaking the Waves (1996),
222,Star Trek: First Contact (1996),112679
223,Sling Blade (1996),109445
224,Ridicule (1996),112883
225,101 Dalmatians (1996),109635
226,Die Hard 2 (1990),112899
227,Star Trek VI: The Undiscovered Country (1991),109676
228,Star Trek: The Wrath of Khan (1982),112854
229,Star Trek III: The Search for Spock (1984),109579
230,Star Trek IV: The Voyage Home (1986),109642
231,Batman Returns (1992),109686
232,Young Guns (1988),111797
233,Under Siege (1992),109759
234,Jaws (1975),109758
235,Mars Attacks! (1996),109707
236,Citizen Ruth (1996),113117
237,Jerry Maguire (1996),113097
238,Raising Arizona (1987),113028
239,Sneakers (1992),113198
240,Beavis and Butt-head Do America (1996),113303
241,"Last of the Mohicans, The (1992)",113089
242,Kolya (1996),109771
243,Jungle2Jungle (1997),113199
244,Smilla's Sense of Snow (1997),113234
245,"Devil's Own, The (1997)",109906
246,Chasing Amy (1997),110057
247,Turbo: A Power Rangers Movie (1997),110005
248,Grosse Pointe Blank (1997),110066
249,Austin Powers: International Man of Mystery (1997),110116
250,"Fifth Element, The (1997)",110006
251,Shall We Dance? (1996),113360
252,"Lost World: Jurassic Park, The (1997)",110099
253,"Pillow Book, The (1995)",110148
254,Batman & Robin (1997),113463
255,My Best Friend's Wedding (1997),110189
256,When the Cats Away (Chacun cherche son chat) (1996),110216
257,Men in Black (1997),113501
258,Contact (1997),113538
259,George of the Jungle (1997),113552
260,Event Horizon (1997),76759
261,Air Bud (1997),110367
262,In the Company of Men (1997),113670
263,Steel (1997),110296
264,Mimic (1997),109731
265,"Hunt for Red October, The (1990)",103994
266,Kull the Conqueror (1997),110322
267,unknown,110443
268,Chasing Amy (1997),110365
269,"Full Monty, The (1997)",107566
270,Gattaca (1997),110391
271,Starship Troopers (1997),113691
272,Good Will Hunting (1997),110428
273,Heat (1995),109836
274,Sabrina (1995),113755
275,Sense and Sensibility (1995),110538
276,Leaving Las Vegas (1995),110516
277,Restoration (1995),110527
278,Bed of Roses (1996),113808
279,Once Upon a Time... When We Were Colored (1995),113896
280,Up Close and Personal (1996),113870
281,"River Wild, The (1994)",110684
282,"Time to Kill, A (1996)",110638
283,Emma (1996),113967
284,Tin Cup (1996),117169
285,Secrets & Lies (1996),106402
286,"English Patient, The (1996)",113948
287,Marvin's Room (1996),110671
288,Scream (1996),110632
289,Evita (1996),110737
290,Fierce Creatures (1997),110729
291,Absolute Power (1997),114151
292,Rosewood (1997),114069
293,Donnie Brasco (1997),110413
294,Liar Liar (1997),114113
295,Breakdown (1997),114210
296,"Promesse, La (1996)",110912
297,Ulee's Gold (1997),114084
298,Face/Off (1997),105652
299,Hoodlum (1997),110889
300,Air Force One (1997),110932
301,In & Out (1997),114129
302,L.A. Confidential (1997),110963
303,Ulee's Gold (1997),114214
304,Fly Away Home (1996),114296
305,"Ice Storm, The (1997)",110907
306,"Mrs. Brown (Her Majesty, Mrs. Brown) (1997)",111495
307,"Devil's Advocate, The (1997)",108394
308,FairyTale: A True Story (1997),111507
309,Deceiver (1997),110769
310,"Rainmaker, The (1997)",114268
311,"Wings of the Dove, The (1997)",110965
312,Midnight in the Garden of Good and Evil (1997),114571
313,Titanic (1997),111333
314,3 Ninjas: High Noon At Mega Mountain (1998),111112
315,Apt Pupil (1998),111255
316,As Good As It Gets (1997),111282
317,In the Name of the Father (1993),111070
318,Schindler's List (1993),111161
319,Everyone Says I Love You (1996),111149
320,Paradise Lost: The Child Murders at Robin Hood Hills (1996),108260
321,Mother (1996),106966
322,Murder at 1600 (1997),114594
323,Dante's Peak (1997),
324,Lost Highway (1997),111309
325,Crash (1996),113936
326,G.I. Jane (1997),110081
327,Cop Land (1997),114614
328,Conspiracy Theory (1997),114608
329,Desperate Measures (1998),111280
330,187 (1997),114609
331,"Edge, The (1997)",111454
332,Kiss the Girls (1997),114852
333,"Game, The (1997)",114694
334,U Turn (1997),111590
335,How to Be a Player (1997),114788
336,Playing God (1997),114888
337,"House of Yes, The (1997)",108550
338,Bean (1997),114857
339,Mad City (1997),114924
340,Boogie Nights (1997),111667
341,Critical Care (1997),109655
342,"Man Who Knew Too Little, The (1997)",110598
343,Alien: Resurrection (1997),112435
344,"Apostle, The (1997)",109040
345,Deconstructing Harry (1997),109045
346,Jackie Brown (1997),106339
347,Wag the Dog (1997),104779
348,Desperate Measures (1998),109348
349,Hard Rain (1998),109444
350,Fallen (1998),109446
351,"Prophecy II, The (1998)",109484
352,Spice World (1997),109504
353,Deep Rising (1998),109506
354,"Wedding Singer, The (1998)",109450
355,Sphere (1998),109813
356,"Client, The (1994)",109830
357,One Flew Over the Cuckoo's Nest (1975),109831
358,Spawn (1997),113305
359,"Assignment, The (1997)",110091
360,Wonderland (1997),110093
361,Incognito (1997),110167
362,Blues Brothers 2000 (1998),110213
363,Sudden Death (1995),107472
364,Ace Ventura: When Nature Calls (1995),110357
365,Powder (1995),107426
366,Dangerous Minds (1995),111686
367,Clueless (1995),110475
368,Bio-Dome (1996),110478
369,Black Sheep (1996),110588
370,Mary Reilly (1996),110622
371,"Bridges of Madison County, The (1995)",110771
372,Jeffrey (1995),110950
373,Judge Dredd (1995),105226
374,Mighty Morphin Power Rangers: The Movie (1995),110989
375,Showgirls (1995),111054
376,Houseguest (1994),110997
377,Heavyweights (1994),111257
378,Miracle on 34th Street (1994),111256
379,Tales From the Crypt Presents: Demon Knight (1995),111438
380,Star Trek: Generations (1994),111503
381,Muriel's Wedding (1994),111693
382,"Adventures of Priscilla, Queen of the Desert, The (1994)",111742
383,"Flintstones, The (1994)",111756
384,Naked Gun 33 1/3: The Final Insult (1994),112443
385,True Lies (1994),110455
386,Addams Family Values (1993),111048
387,"Age of Innocence, The (1993)",110399
388,Beverly Hills Cop III (1994),112570
389,Black Beauty (1994),109454
390,Fear of a Black Hat (1993),59170
391,Last Action Hero (1993),110186
392,"Man Without a Face, The (1993)",108069
393,Mrs. Doubtfire (1993),111301
394,Radioland Murders (1994),112702
395,Robin Hood: Men in Tights (1993),112849
396,Serial Mom (1994),113014
397,Striking Distance (1993),113043
398,Super Mario Bros. (1993),113104
399,"Three Musketeers, The (1993)",113173
400,"Little Rascals, The (1994)",113319
401,"Brady Bunch Movie, The (1995)",113827
402,Ghost (1990),114047
403,Batman (1989),112889
404,Pinocchio (1940),109339
405,Mission: Impossible (1996),110027
406,Thinner (1996),109785
407,Spy Hard (1996),113409
408,"Close Shave, A (1995)",109021
409,Jack (1996),109035
410,Kingpin (1996),106220
411,"Nutty Professor, The (1996)",111804
412,"Very Brady Sequel, A (1996)",106226
413,Tales from the Crypt Presents: Bordello of Blood (1996),109068
414,My Favorite Year (1982),109067
415,"Apple Dumpling Gang, The (1975)",106292
416,Old Yeller (1957),109198
417,"Parent Trap, The (1961)",109219
418,Cinderella (1950),106379
419,Mary Poppins (1964),106400
420,Alice in Wonderland (1951),109254
421,William Shakespeare's Romeo and Juliet (1996),109279
422,Aladdin and the King of Thieves (1996),109297
423,E.T. the Extra-Terrestrial (1982),109303
424,Children of the Corn: The Gathering (1996),109305
425,Bob Roberts (1992),109306
426,"Transformers: The Movie, The (1986)",106452
427,To Kill a Mockingbird (1962),106471
428,Harold and Maude (1971),106489
429,"Day the Earth Stood Still, The (1951)",109361
430,Duck Soup (1933),106505
431,Highlander (1986),106519
432,Fantasia (1940),109439
433,Heathers (1989),109443
434,Forbidden Planet (1956),106582
435,Butch Cassidy and the Sundance Kid (1969),106598
436,"American Werewolf in London, An (1981)",109456
437,Amityville 1992: It's About Time (1992),109480
438,Amityville 3-D (1983),109493
439,Amityville: A New Generation (1993),106660
440,Amityville II: The Possession (1982),106673
441,"Amityville Horror, The (1979)",106677
442,"Amityville Curse, The (1990)",106697
443,"Birds, The (1963)",109729
444,"Blob, The (1958)",106834
445,"Body Snatcher, The (1945)",106873
446,Burnt Offerings (1976),106332
447,Carrie (1976),109783
448,"Omen, The (1976)",106881
449,Star Trek: The Motion Picture (1979),106880
450,Star Trek V: The Final Frontier (1989),111732
451,Grease (1978),106926
452,Jaws 2 (1978),111712
453,Jaws 3-D (1983),106941
454,Bastard Out of Carolina (1996),106918
455,Jackie Chan's First Strike (1996),106965
456,Beverly Hills Ninja (1997),109842
457,Free Willy 3: The Rescue (1997),106977
458,Nixon (1995),107004
459,"Cry, the Beloved Country (1995)",109890
460,"Crossing Guard, The (1995)",109891
461,Smoke (1995),109913
462,Like Water For Chocolate (Como agua para chocolate) (1992),109920
463,"Secret of Roan Inish, The (1994)",107057
464,Vanya on 42nd Street (1994),107076
465,"Jungle Book, The (1994)",107096
466,Red Rock West (1992),107144
467,"Bronx Tale, A (1993)",113674
468,Rudy (1993),112966
469,Short Cuts (1993),107151
470,Tombstone (1993),110064
471,Courage Under Fire (1996),110074
472,Dragonheart (1996),110097
473,James and the Giant Peach (1996),110123
474,Dr. Strangelove or: How I Learned to Stop Worrying and Love the Bomb (1963),107206
475,Trainspotting (1996),107207
476,"First Wives Club, The (1996)",110137
477,Matilda (1996),108551
478,"Philadelphia Story, The (1940)",110197
479,Vertigo (1958),107286
480,North by Northwest (1959),107290
481,"Apartment, The (1960)",107302
482,Some Like It Hot (1959),110265
483,Casablanca (1942),107322
484,"Maltese Falcon, The (1941)",110305
485,My Fair Lady (1964),107362
486,Sabrina (1954),107413
487,Roman Holiday (1953),110353
488,Sunset Blvd. (1950),107468
489,Notorious (1946),107478
490,To Catch a Thief (1955),107497
491,"Adventures of Robin Hood, The (1938)",107501
492,East of Eden (1955),107507
493,"Thin Man, The (1934)",107554
494,His Girl Friday (1940),116253
495,Around the World in 80 Days (1956),74102
496,It's a Wonderful Life (1946),111689
497,Bringing Up Baby (1938),107616
498,"African Queen, The (1951)",107611
499,Cat on a Hot Tin Roof (1958),107613
500,Fly Away Home (1996),107614
501,Dumbo (1941),107653
502,Bananas (1971),110657
503,"Candidate, The (1972)",110649
504,Bonnie and Clyde (1967),110678
505,Dial M for Murder (1954),110687
506,Rebel Without a Cause (1955),107756
507,"Streetcar Named Desire, A (1951)",107808
508,"People vs. Larry Flynt, The (1996)",107818
509,My Left Foot (1989),107822
510,"Magnificent Seven, The (1954)",107840
511,Lawrence of Arabia (1962),107889
512,Wings of Desire (1987),111003
513,"Third Man, The (1949)",110939
514,Annie Hall (1977),110955
515,"Boot, Das (1981)",107943
516,Local Hero (1983),110971
517,Manhattan (1979),107969
518,Miller's Crossing (1990),111001
519,"Treasure of the Sierra Madre, The (1948)",107978
520,"Great Escape, The (1963)",107977
521,"Deer Hunter, The (1978)",107983
522,Down by Law (1986),105275
523,Cool Hand Luke (1967),108000
524,"Great Dictator, The (1940)",108002
525,"Big Sleep, The (1946)",108026
526,Ben-Hur (1959),105032
527,Gandhi (1982),108052
528,"Killing Fields, The (1984)",111094
529,My Life as a Dog (Mitt liv som hund) (1985),108065
530,"Man Who Would Be King, The (1975)",111102
531,Shine (1996),108071
532,Kama Sutra: A Tale of Love (1996),111127
533,"Daytrippers, The (1996)",111143
534,Traveller (1997),108101
535,Addicted to Love (1997),108122
536,Ponette (1996),111194
537,My Own Private Idaho (1991),111201
538,Anastasia (1997),108149
539,Mouse Hunt (1997),108160
540,Money Train (1995),108162
541,Mortal Kombat (1995),83658
542,Pocahontas (1995),108186
543,"Misérables, Les (1995)",108174
544,Things to Do in Denver when You're Dead (1995),108238
545,Vampire in Brooklyn (1995),89256
546,Broken Arrow (1996),108255
547,"Young Poisoner's Handbook, The (1995)",111323
548,"NeverEnding Story III, The (1994)",111400
549,Rob Roy (1995),108328
550,Die Hard: With a Vengeance (1995),111418
551,Lord of Illusions (1995),107688
552,Species (1995),108333
553,"Walk in the Clouds, A (1995)",108358
554,Waterworld (1995),111488
555,White Man's Burden (1995),108399
556,Wild Bill (1995),108515
557,Farinelli: il castrato (1994),
558,Heavenly Creatures (1994),110763
559,Interview with the Vampire (1994),107779
560,"Kid in King Arthur's Court, A (1995)",109226
561,Mary Shelley's Frankenstein (1994),110259
562,"Quick and the Dead, The (1995)",114906
563,Stephen King's The Langoliers (1995),107002
564,Tales from the Hood (1995),109403
565,Village of the Damned (1995),104029
566,Clear and Present Danger (1994),110623
567,Wes Craven's New Nightmare (1994),107315
568,Speed (1994),106408
569,Wolf (1994),110363
570,Wyatt Earp (1994),107349
571,Another Stakeout (1993),111709
572,Blown Away (1994),109828
573,Body Snatchers (1993),107225
574,Boxing Helena (1993),111252
575,City Slickers II: The Legend of Curly's Gold (1994),110366
576,Cliffhanger (1993),106878
577,Coneheads (1993),109120
578,Demolition Man (1993),
579,Fatal Instinct (1993),108059
580,"Englishman Who Went Up a Hill, But Came Down a Mountain, The (1995)",110892
581,Kalifornia (1993),112651
582,"Piano, The (1993)",107642
583,Romeo Is Bleeding (1993),109382
584,"Secret Garden, The (1993)",106678
585,Son in Law (1993),112572
586,Terminal Velocity (1994),99785
587,"Hour of the Pig, The (1993)",99653
588,Beauty and the Beast (1991),103639
589,"Wild Bunch, The (1969)",103064
590,Hellraiser: Bloodline (1996),99348
591,Primal Fear (1996),114706
592,True Crime (1995),96895
593,Stalingrad (1993),102926
594,Heavy (1995),29583
595,"Fan, The (1996)",101414
596,"Hunchback of Notre Dame, The (1996)",32910
597,Eraser (1996),100405
598,"Big Squeeze, The (1996)",110719
599,Police Story 4: Project S (Chao ji ji hua) (1993),65214
600,Daniel Defoe's Robinson Crusoe (1996),110395
601,For Whom the Bell Tolls (1943),111752
602,"American in Paris, An (1951)",109934
603,Rear Window (1954),112606
604,It Happened One Night (1934),115978
605,Meet Me in St. Louis (1944),117247
606,All About Eve (1950),112625
607,Rebecca (1940),106537
608,Spellbound (1945),116282
609,Father of the Bride (1950),116552
610,Gigi (1958),82509
611,Laura (1944),116514
612,Lost Horizon (1937),117283
613,My Man Godfrey (1936),116684
614,Giant (1956),110374
615,"39 Steps, The (1935)",70506
616,Night of the Living Dead (1968),65421
617,"Blue Angel, The (Blaue Engel, Der) (1930)",113083
618,Picnic (1955),118001
619,Extreme Measures (1996),116165
620,"Chamber, The (1996)",102855
621,"Davy Crockett, King of the Wild Frontier (1955)",107471
622,Swiss Family Robinson (1960),
623,Angels in the Outfield (1994),113839
624,"Three Caballeros, The (1945)",112712
625,"Sword in the Stone, The (1963)",90665
626,So Dear to My Heart (1949),117891
627,Robin Hood: Prince of Thieves (1991),113613
628,Sleepers (1996),117381
629,Victor/Victoria (1982),114305
630,"Great Race, The (1965)",115837
631,"Crying Game, The (1992)",115509
632,Sophie's Choice (1982),114671
633,"Christmas Carol, A (1938)",112844
634,Microcosmos: Le peuple de l'herbe (1996),114658
635,"Fog, The (1980)",116275
636,Escape from New York (1981),113122
637,"Howling, The (1981)",117608
638,"Return of Martin Guerre, The (Retour de Martin Guerre, Le) (1982)",113448
639,"Tin Drum, The (Blechtrommel, Die) (1979)",116414
640,"Cook the Thief His Wife & Her Lover, The (1989)",116095
641,Paths of Glory (1957),111543
642,"Grifters, The (1990)",117517
643,The Innocent (1994),117312
644,"Thin Blue Line, The (1988)",116485
645,Paris Is Burning (1990),113947
646,Once Upon a Time in the West (1969),
647,Ran (1985),115956
648,"Quiet Man, The (1952)",117060
649,Once Upon a Time in America (1984),109028
650,"Seventh Seal, The (Sjunde inseglet, Det) (1957)",117071
651,Glory (1989),117788
652,Rosencrantz and Guildenstern Are Dead (1990),112257
653,Touch of Evil (1958),116136
654,Chinatown (1974),118026
655,Stand by Me (1986),117117
656,M (1931),116168
657,"Manchurian Candidate, The (1962)",111787
658,Pump Up the Volume (1990),112509
659,Arsenic and Old Lace (1944),54189
660,Fried Green Tomatoes (1991),115591
661,High Noon (1952),116683
662,Somewhere in Time (1980),116287
663,Being There (1979),116768
664,"Paris, Texas (1984)",116269
665,Alien 3 (1992),114787
666,Blood For Dracula (Andy Warhol's Dracula) (1974),113720
667,Audrey Rose (1977),112536
668,Blood Beach (1981),48473
669,Body Parts (1991),
670,Body Snatchers (1993),52572
671,Bride of Frankenstein (1935),117128
672,Candyman (1992),114616
673,Cape Fear (1962),117705
674,Cat People (1982),62711
675,"Nosferatu (Nosferatu, eine Symphonie des Grauens) (1922)",110061
676,"Crucible, The (1996)",140614
677,Fire on the Mountain (1996),
678,Volcano (1997),108181
679,Conan the Barbarian (1981),114307
680,Kull the Conqueror (1997),58898
681,Wishmaster (1997),82206
682,I Know What You Did Last Summer (1997),111430
683,Rocket Man (1997),107727
684,In the Line of Fire (1993),81759
685,Executive Decision (1996),113443
686,"Perfect World, A (1993)",
687,McHale's Navy (1997),109491
688,Leave It to Beaver (1997),114048
689,"Jackal, The (1997)",
690,Seven Years in Tibet (1997),111613
691,Dark City (1998),117104
692,"American President, The (1995)",117688
693,Casino (1995),109751
694,Persuasion (1995),117774
695,Kicking and Screaming (1995),114736
696,City Hall (1996),112604
697,"Basketball Diaries, The (1995)",116289
698,"Browning Version, The (1994)",109593
699,Little Women (1994),103095
700,Miami Rhapsody (1995),112368
701,"Wonderful, Horrible Life of Leni Riefenstahl, The (1993)",104046
702,Barcelona (1994),62952
703,Widows' Peak (1994),115742
704,"House of the Spirits, The (1993)",117420
705,Singin' in the Rain (1952),115951
706,Bad Moon (1996),117784
707,Enchanted April (1991),117107
708,"Sex, Lies, and Videotape (1989)",117979
709,Strictly Ballroom (1992),95776
710,Better Off Dead... (1985),115851
711,"Substance of Fire, The (1996)",116322
712,Tin Men (1987),109374
713,Othello (1995),110712
714,Carrington (1995),112817
715,To Die For (1995),113362
716,Home for the Holidays (1995),73778
717,"Juror, The (1996)",112546
718,In the Bleak Midwinter (1995),108500
719,Canadian Bacon (1994),117108
720,First Knight (1995),118114
721,Mallrats (1995),114103
722,Nine Months (1995),113270
723,Boys on the Side (1995),92123
724,Circle of Friends (1995),115963
725,Exit to Eden (1994),116448
726,Fluke (1995),116827
727,Immortal Beloved (1994),114894
728,Junior (1994),112701
729,Nell (1994),113429
730,"Queen Margot (Reine Margot, La) (1994)",125877
731,"Corrina, Corrina (1994)",116508
732,Dave (1993),117260
733,Go Fish (1994),117500
734,Made in America (1993),116405
735,Philadelphia (1993),109592
736,Shadowlands (1993),117998
737,Sirens (1994),115624
738,Threesome (1994),113145
739,Pretty Woman (1990),116559
740,Jane Eyre (1996),
741,"Last Supper, The (1995)",113568
742,Ransom (1996),117894
743,"Crow: City of Angels, The (1996)",117723
744,Michael Collins (1996),112586
745,"Ruling Class, The (1972)",112691
746,Real Genius (1985),40366
747,Benny & Joon (1993),117768
748,"Saint, The (1997)",115571
749,"MatchMaker, The (1997)",31612
750,Amistad (1997),57012
751,Tomorrow Never Dies (1997),103926
752,"Replacement Killers, The (1998)",105737
753,Burnt By the Sun (1994),113849
754,Red Corner (1997),113188
755,Jumanji (1995),42644
756,Father of the Bride Part II (1995),109381
757,Across the Sea of Time (1995),109688
758,Lawnmower Man 2: Beyond Cyberspace (1996),104606
759,Fair Game (1995),110480
760,Screamers (1995),108211
761,Nick of Time (1995),117331
762,Beautiful Girls (1996),117765
763,Happy Gilmore (1996),116833
764,If Lucy Fell (1996),113280
765,Boomerang (1992),116669
766,Man of the Year (1995),116594
767,"Addiction, The (1995)",113211
768,Casper (1995),114494
769,Congo (1995),116992
770,Devil in a Blue Dress (1995),38426
771,Johnny Mnemonic (1995),94265
772,Kids (1995),105201
773,Mute Witness (1994),70820
774,"Prophecy, The (1995)",84898
775,Something to Talk About (1995),63715
776,Three Wishes (1995),109191
777,Castle Freak (1995),114122
778,Don Juan DeMarco (1995),117951
779,Drop Zone (1994),118523
780,Dumb & Dumber (1994),116629
781,French Kiss (1995),117737
782,Little Odessa (1994),116277
783,Milk Money (1994),116583
784,Beyond Bedlam (1993),115798
785,Only You (1994),116778
786,"Perez Family, The (1995)",116213
787,Roommates (1995),113147
788,Relative Fear (1994),117218
789,Swimming with Sharks (1995),100990
790,Tommy Boy (1995),111546
791,"Baby-Sitters Club, The (1995)",113610
792,Bullets Over Broadway (1994),93199
793,Crooklyn (1994),106810
794,It Could Happen to You (1994),111180
795,Richie Rich (1994),111237
796,Speechless (1994),72362
797,Timecop (1994),103207
798,Bad Company (1995),116040
799,Boys Life (1995),116365
800,In the Mouth of Madness (1995),116905
801,"Air Up There, The (1994)",116493
802,Hard Target (1993),117333
803,Heaven & Earth (1993),118113
804,Jimmy Hollywood (1994),117628
805,Manhattan Murder Mystery (1993),117913
806,Menace II Society (1993),115530
807,Poetic Justice (1993),114266
808,"Program, The (1993)",115493
809,Rising Sun (1993),116320
810,"Shadow, The (1994)",116756
811,Thirty-Two Short Films About Glenn Gould (1993),
812,Andre (1994),109356
813,"Celluloid Closet, The (1995)",116823
814,"Great Day in Harlem, A (1994)",112568
815,One Fine Day (1996),114170
816,Candyman: Farewell to the Flesh (1995),117999
817,Frisk (1995),
818,Girl 6 (1996),118073
819,Eddie (1996),108220
820,Space Jam (1996),49521
821,Mrs. Winterbourne (1996),112746
822,Faces (1968),104403
823,Mulholland Falls (1996),61495
824,"Great White Hype, The (1996)",110246
825,"Arrival, The (1996)",116164
826,"Phantom, The (1996)",112865
827,Daylight (1996),112716
828,Alaska (1996),115472
829,Fled (1996),116707
830,Power 98 (1995),116313
831,Escape from L.A. (1996),114550
832,Bogus (1996),117438
833,Bulletproof (1996),116531
834,Halloween: The Curse of Michael Myers (1995),117332
835,"Gay Divorcee, The (1934)",116353
836,Ninotchka (1939),115857
837,Meet John Doe (1941),117008
838,In the Line of Duty 2 (1987),116191
839,Loch Ness (1995),115986
840,Last Man Standing (1996),116571
841,"Glimmer Man, The (1996)",53459
842,Pollyanna (1960),117826
843,"Shaggy Dog, The (1959)",113695
844,Freeway (1996),108227
845,That Thing You Do! (1996),111424
846,To Gillian on Her 37th Birthday (1996),113080
847,Looking for Richard (1996),115680
848,"Murder, My Sweet (1944)",117718
849,Days of Thunder (1990),116225
850,"Perfect Candidate, A (1996)",112767
851,Two or Three Things I Know About Her (1966),115632
852,"Bloody Child, The (1996)",117918
853,Braindead (1992),104109
854,Bad Taste (1987),51980
855,Diva (1981),100840
856,Night on Earth (1991),107575
857,Paris Was a Woman (1995),42054
858,Amityville: Dollhouse (1996),68646
859,April Fool's Day (1986),116536
860,"Believers, The (1987)",109255
861,Nosferatu a Venezia (1986),104558
862,Jingle All the Way (1996),116985
863,"Garden of Finzi-Contini, The (Giardino dei Finzi-Contini, Il) (1970)",
864,My Fellow Americans (1996),114936
865,"Ice Storm, The (1997)",114474
866,Michael (1996),115736
867,"Whole Wide World, The (1996)",115836
868,Hearts and Minds (1996),101692
869,Fools Rush In (1997),116745
870,Touch (1997),119214
871,Vegas Vacation (1997),116934
872,Love Jones (1997),109066
873,Picture Perfect (1997),75169
874,Career Girls (1997),113542
875,She's So Lovely (1997),110693
876,Money Talks (1997),106544
877,Excess Baggage (1997),116418
878,That Darn Cat! (1997),112607
879,"Peacemaker, The (1997)",120004
880,Soul Food (1997),116654
881,Money Talks (1997),116311
882,Washington Square (1997),117965
883,Telling Lies in America (1997),
884,Year of the Horse (1997),114592
885,Phantoms (1998),115725
886,"Life Less Ordinary, A (1997)",115783
887,Eve's Bayou (1997),120271
888,One Night Stand (1997),113596
889,"Tango Lesson, The (1997)",109001
890,Mortal Kombat: Annihilation (1997),94822
891,Bent (1997),113253
892,Flubber (1997),117991
893,For Richer or Poorer (1997),117093
894,Home Alone 3 (1997),24252
895,Scream 2 (1997),105729
896,"Sweet Hereafter, The (1997)",111019
897,Time Tracers (1995),35896
898,"Postman, The (1997)",32904
899,"Winter Guest, The (1997)",45152
900,Kundun (1997),43278
901,Mr. Magoo (1997),50419
902,"Big Lebowski, The (1998)",54698
903,Afterglow (1997),52357
904,Ma vie en rose (My Life in Pink) (1997),47396
905,Great Expectations (1998),25316
906,Oscar & Lucinda (1997),36855
907,Vermin (1998),25164
908,Half Baked (1998),53125
909,Dangerous Beauty (1998),53604
910,Nil By Mouth (1997),53291
911,Twilight (1998),56923
912,U.S. Marshalls (1998),34583
913,Love and Death on Long Island (1997),33870
914,Wild Things (1998),58385
915,Primary Colors (1998),47437
916,Lost in Space (1998),46250
917,Mercury Rising (1998),31580
918,City of Angels (1998),37059
919,"City of Lost Children, The (1995)",32138
920,Two Bits (1995),31381
921,Farewell My Concubine (1993),84370
922,Dead Man (1995),43014
923,Raise the Red Lantern (1991),33467
924,White Squall (1996),62622
925,Unforgettable (1996),39428
926,Down Periscope (1996),42192
927,"Flower of My Secret, The (Flor de mi secreto, La) (1995)",32143
928,"Craft, The (1996)",32976
929,Harriet the Spy (1996),32484
930,Chain Reaction (1996),38787
931,"Island of Dr. Moreau, The (1996)",38109
932,First Kid (1996),50105
933,"Funeral, The (1996)",48728
934,"Preacher's Wife, The (1996)",42451
935,Paradise Road (1997),45537
936,Brassed Off (1996),31725
937,"Thousand Acres, A (1997)",50658
938,"Smile Like Yours, A (1997)",51658
939,Murder in the First (1995),52126
940,Airheads (1994),29843
941,With Honors (1994),32762
942,What's Love Got to Do with It (1993),37008
943,Killing Zoe (1994),39420
944,Renaissance Man (1994),29162
945,Charade (1963),27125
946,"Fox and the Hound, The (1981)",35446
947,"Big Blue, The (Grand bleu, Le) (1988)",28010
948,Booty Call (1997),49261
949,How to Make an American Quilt (1995),48028
950,Georgia (1995),25878
951,"Indian in the Cupboard, The (1995)",32599
952,Blue in the Face (1995),48960
953,Unstrung Heroes (1995),38650
954,Unzipped (1995),31679
955,Before Sunrise (1995),29947
956,Nobody's Fool (1994),34012
957,Pushing Hands (1992),17350
958,To Live (Huozhe) (1994),36094
959,Dazed and Confused (1993),25586
960,Naked (1993),38300
961,Orlando (1993),27893
962,Ruby in Paradise (1993),32022
963,Some Folks Call It a Sling Blade (1993),41509
964,"Month by the Lake, A (1995)",39152
965,Funny Face (1957),26029
966,"Affair to Remember, An (1957)",38235
967,Little Lord Fauntleroy (1936),36241
968,"Inspector General, The (1949)",63350
969,Winnie the Pooh and the Blustery Day (1968),43265
970,Hear My Song (1991),46414
971,Mediterraneo (1991),51459
972,Passion Fish (1992),47162
973,Grateful Dead (1995),33891
974,Eye for an Eye (1996),29855
975,Fear (1996),29588
976,Solo (1996),22879
977,"Substitute, The (1996)",27980
978,Heaven's Prisoners (1996),
979,"Trigger Effect, The (1996)",114007
980,Mother Night (1996),93229
981,Dangerous Ground (1997),118927
982,Maximum Risk (1996),48491
983,"Rich Man's Wife, The (1996)",113730
984,Shadow Conspiracy (1997),117357
985,Blood & Wine (1997),117669
986,Turbulence (1997),116329
987,Underworld (1997),118742
988,"Beautician and the Beast, The (1997)",116442
989,Cats Don't Dance (1997),114354
990,Anna Karenina (1997),117011
991,Keys to Tulsa (1997),117039
992,Head Above Water (1996),117473
993,Hercules (1997),116635
994,"Last Time I Committed Suicide, The (1997)",115678
995,"Kiss Me, Guido (1997)",
996,"Big Green, The (1995)",116830
997,Stuart Saves His Family (1995),115847
998,Cabin Boy (1994),117603
999,Clean Slate (1994),115438
1000,Lightning Jack (1994),115994
1001,"Stupids, The (1996)",83587
1002,"Pest, The (1997)",116167
1003,That Darn Cat! (1997),116259
1004,Geronimo: An American Legend (1993),116421
1005,"Double vie de Véronique, La (Double Life of Veronique, The) (1991)",116000
1006,Until the End of the World (Bis ans Ende der Welt) (1991),115862
1007,Waiting for Guffman (1996),72653
1008,I Shot Andy Warhol (1996),47977
1009,Stealing Beauty (1996),72951
1010,Basquiat (1996),64603
1011,2 Days in the Valley (1996),71607
1012,Private Parts (1997),50798
1013,Anaconda (1997),55277
1014,Romy and Michele's High School Reunion (1997),54195
1015,Shiloh (1997),107131
1016,Con Air (1997),53271
1017,Trees Lounge (1996),54357
1018,Tie Me Up! Tie Me Down! (1990),59793
1019,"Die xue shuang xiong (Killer, The) (1989)",46672
1020,Gaslight (1944),106611
1021,8 1/2 (1963),109127
1022,"Fast, Cheap & Out of Control (1997)",42332
1023,Fathers' Day (1997),63819
1024,Mrs. Dalloway (1997),38166
1025,Fire Down Below (1997),57546
1026,"Lay of the Land, The (1997)",41890
1027,"Shooter, The (1995)",102798
1028,Grumpier Old Men (1995),58331
1029,Jury Duty (1995),33563
1030,"Beverly Hillbillies, The (1993)",76538
1031,Lassie (1994),66817
1032,Little Big League (1994),43274
1033,Homeward Bound II: Lost in San Francisco (1996),82406
1034,"Quest, The (1996)",116361
1035,Cool Runnings (1993),59742
1036,Drop Dead Fred (1991),95016
1037,Grease 2 (1982),104692
1038,Switchback (1997),118044
1039,Hamlet (1996),114597
1040,Two if by Sea (1996),117582
1041,Forget Paris (1995),117589
1042,Just Cause (1995),117887
1043,Rent-a-Kid (1995),117924
1044,"Paper, The (1994)",117791
1045,Fearless (1993),116928
1046,Malice (1993),115640
1047,Multiplicity (1996),116908
1048,She's the One (1996),
1049,House Arrest (1996),116409
1050,"Ghost and Mrs. Muir, The (1947)",116913
1051,"Associate, The (1996)",117958
1052,Dracula: Dead and Loving It (1995),117400
1053,Now and Then (1995),117202
1054,Mr. Wrong (1996),116404
1055,"Simple Twist of Fate, A (1994)",120107
1056,Cronos (1992),116722
1057,"Pallbearer, The (1996)",116242
1058,"War, The (1994)",115600
1059,Don't Be a Menace to South Central While Drinking Your Juice in the Hood (1996),117509
1060,"Adventures of Pinocchio, The (1996)",117802
1061,"Evening Star, The (1996)",117665
1062,Four Days in September (1997),117781
1063,"Little Princess, A (1995)",116714
1064,Crossfire (1947),115491
1065,Koyaanisqatsi (1983),43140
1066,Balto (1995),29546
1067,Bottle Rocket (1996),28757
1068,"Star Maker, The (Uomo delle stelle, L') (1995)",39286
1069,Amateur (1994),37101
1070,Living in Oblivion (1995),44863
1071,Party Girl (1995),109823
1072,"Pyromaniac's Love Story, A (1995)",
1073,Shallow Grave (1994),67992
1074,Reality Bites (1994),
1075,"Man of No Importance, A (1994)",111622
1076,"Pagemaster, The (1994)",55018
1077,Love and a .45 (1994),70707
1078,Oliver & Company (1988),66808
1079,Joe's Apartment (1996),95159
1080,Celestial Clockwork (1994),79470
1081,Curdled (1996),84865
1082,Female Perversions (1996),68334
1083,Albino Alligator (1996),59243
1084,Anne Frank Remembered (1995),61418
1085,Carried Away (1996),52027
1086,It's My Party (1995),46912
1087,Bloodsport 2 (1995),113731
1088,Double Team (1997),92890
1089,Speed 2: Cruise Control (1997),105236
1090,Sliver (1993),91763
1091,Pete's Dragon (1977),98627
1092,Dear God (1996),103772
1093,Live Nude Girls (1995),101761
1094,"Thin Line Between Love and Hate, A (1996)",104036
1095,High School High (1996),104348
1096,Commandments (1997),84707
1097,"Hate (Haine, La) (1995)",83866
1098,Flirting With Disaster (1996),117577
1099,"Red Firecracker, Green Firecracker (1994)",29992
1100,What Happened Was... (1994),99371
1101,Six Degrees of Separation (1993),92099
1102,Two Much (1996),115531
1103,Trust (1990),48545
1104,C'est arrivé près de chez vous (1992),44081
1105,Firestorm (1998),115885
1106,"Newton Boys, The (1998)",116859
1107,Beyond Rangoon (1995),102336
1108,Feast of July (1995),
1109,Death and the Maiden (1994),115870
1110,Tank Girl (1995),115684
1111,Double Happiness (1994),117040
1112,Cobb (1994),117284
1113,Mrs. Parker and the Vicious Circle (1994),115580
1114,Faithful (1996),116378
1115,Twelfth Night (1996),114472
1116,"Mark of Zorro, The (1940)",113057
1117,Surviving Picasso (1996),116581
1118,Up in Smoke (1978),114622
1119,Some Kind of Wonderful (1987),112907
1120,I'm Not Rappaport (1996),117318
1121,"Umbrellas of Cherbourg, The (Parapluies de Cherbourg, Les) (1964)",116422
1122,They Made Me a Criminal (1939),114147
1123,"Last Time I Saw Paris, The (1954)",117320
1124,"Farewell to Arms, A (1932)",82846
1125,"Innocents, The (1961)",72081
1126,"Old Man and the Sea, The (1958)",101775
1127,"Truman Show, The (1998)",96754
1128,Heidi Fleiss: Hollywood Madam (1995) ,80749
1129,Chungking Express (1994),82340
1130,Jupiter's Wife (1994),82533
1131,Safe (1995),91288
1132,Feeling Minnesota (1996),91480
1133,Escape to Witch Mountain (1975),111357
1134,Get on the Bus (1996),107274
1135,"Doors, The (1991)",81375
1136,Ghosts of Mississippi (1996),71853
1137,Beautiful Thing (1996),116587
1138,Best Men (1997),112777
1139,Hackers (1995),116245
1140,"Road to Wellville, The (1994)",116212
1141,"War Room, The (1993)",113328
1142,When We Were Kings (1996),116403
1143,Hard Eight (1996),117968
1144,"Quiet Room, The (1996)",116886
1145,Blue Chips (1994),117677
1146,Calendar Girl (1993),112759
1147,My Family (1995),118147
1148,Tom & Viv (1994),108598
1149,Walkabout (1971),110173
1150,Last Dance (1996),84589
1151,Original Gangstas (1996),109781
1152,In Love and War (1996),40427
1153,Backbeat (1993),40723
1154,Alphaville (1965),39881
1155,"Rendezvous in Paris (Rendez-vous de Paris, Les) (1995)",92281
1156,Cyclo (1995),34493
1157,"Relic, The (1997)",39004
1158,"Fille seule, La (A Single Girl) (1995)",26465
1159,Stalker (1979),26656
1160,Love! Valour! Compassion! (1997),25799
1161,Palookaville (1996),78875
1162,Phat Beach (1996),69198
1163,"Portrait of a Lady, The (1996)",110521
1164,Zeus and Roxanne (1997),60304
1165,Big Bully (1996),115715
1166,Love & Human Remains (1993),113031
1167,"Sum of Us, The (1994)",116059
1168,Little Buddha (1993),115610
1169,Fresh (1994),99028
1170,Spanking the Monkey (1994),112483
1171,Wild Reeds (1994),103850
1172,"Women, The (1939)",95765
1173,Bliss (1997),97108
1174,Caught (1996),109942
1175,Hugo Pool (1997),101700
1176,Welcome To Sarajevo (1997),101765
1177,Dunston Checks In (1996),101811
1178,Major Payne (1994),50825
1179,Man of the House (1995),99703
1180,I Love Trouble (1994),102014
1181,"Low Down Dirty Shame, A (1994)",120121
1182,Cops and Robbersons (1994),
1183,"Cowboy Way, The (1994)",116209
1184,"Endless Summer 2, The (1994)",102426
1185,In the Army Now (1994),97937
1186,"Inkwell, The (1994)",98724
1187,Switchblade Sisters (1975),105107
1188,Young Guns II (1990),105488
1189,Prefontaine (1997),96257
1190,That Old Feeling (1997),101026
1191,"Letter From Death Row, A (1998)",102370
1192,"Boys of St. Vincent, The (1993)",100332
1193,Before the Rain (Pred dozhdot) (1994),73486
1194,Once Were Warriors (1994),78446
1195,Strawberry and Chocolate (Fresa y chocolate) (1993),
1196,"Savage Nights (Nuits fauves, Les) (1992)",80684
1197,"Family Thing, A (1996)",93779
1198,Purple Noon (1960),82971
1199,Cemetery Man (Dellamorte Dellamore) (1994),88846
1200,Kim (1950),90605
1201,Marlene Dietrich: Shadow and Light (1996) ,60196
1202,"Maybe, Maybe Not (Bewegte Mann, Der) (1994)",94336
1203,Top Hat (1935),50083
1204,To Be or Not to Be (1942),56172
1205,"Secret Agent, The (1996)",
1206,Amos & Andrew (1993),66921
1207,Jade (1995),56592
1208,Kiss of Death (1995),78788
1209,Mixed Nuts (1994),64116
1210,Virtuosity (1995),86190
1211,Blue Sky (1994),93191
1212,Flesh and Bone (1993),41959
1213,Guilty as Sin (1993),99685
1214,In the Realm of the Senses (Ai no corrida) (1976),78748
1215,Barb Wire (1996),106308
1216,Kissed (1996),95250
1217,Assassins (1995),89881
1218,Friday (1995),97202
1219,"Goofy Movie, A (1995)",54215
1220,Higher Learning (1995),80455
1221,When a Man Loves a Woman (1994),71562
1222,Judgment Night (1993),93058
1223,King of the Hill (1993),104361
1224,"Scout, The (1994)",97499
1225,Angus (1995),86879
1226,Night Falls on Manhattan (1997),45061
1227,"Awfully Big Adventure, An (1995)",87843
1228,Under Siege 2: Dark Territory (1995),81398
1229,Poison Ivy II (1995),
1230,Ready to Wear (Pret-A-Porter) (1994),75686
1231,Marked for Death (1990),86197
1232,Madonna: Truth or Dare (1991),79944
1233,Nénette et Boni (1996),82096
1234,Chairman of the Board (1998),70735
1235,"Big Bang Theory, The (1994)",67185
1236,"Other Voices, Other Rooms (1997)",103130
1237,Twisted (1996),50976
1238,Full Speed (1996),85859
1239,Cutthroat Island (1995),
1240,Ghost in the Shell (Kokaku kidotai) (1995),88247
1241,"Van, The (1996)",103873
1242,"Old Lady Who Walked in the Sea, The (Vieille qui marchait dans la mer, La) (1991)",97441
1243,Night Flier (1997),100519
1244,Metro (1997),79522
1245,Gridlock'd (1997),100150
1246,Bushwhacked (1995),97165
1247,Bad Girls (1994),61722
1248,Blink (1994),52311
1249,For Love or Money (1993),100263
1250,Best of the Best 3: No Turning Back (1995),50212
1251,A Chef in Love (1996),56801
1252,"Contempt (Mépris, Le) (1963)",71315
1253,"Tie That Binds, The (1995)",43456
1254,Gone Fishin' (1997),40897
1255,Broken English (1996),92610
1256,"Designated Mourner, The (1997)",23969
1257,"Designated Mourner, The (1997)",88794
1258,Trial and Error (1997),81505
1259,Pie in the Sky (1995),92005
1260,Total Eclipse (1995),22100
1261,"Run of the Country, The (1995)",92991
1262,Walking and Talking (1996),57115
1263,Foxfire (1996),77416
1264,Nothing to Lose (1994),82269
1265,Star Maps (1997),107048
1266,Bread and Chocolate (Pane e cioccolata) (1973),105695
1267,Clockers (1995),56218
1268,Bitter Moon (1992),100436
1269,Love in the Afternoon (1957),36613
1270,Life with Mikey (1993),88763
1271,North (1994),101921
1272,Talking About Sex (1994),66206
1273,Color of Night (1994),90967
1274,Robocop 3 (1993),94625
1275,Killer (Bulletproof Heart) (1994),91203
1276,Sunset Park (1996),61512
1277,Set It Off (1996),99334
1278,Selena (1997),72431
1279,Wild America (1997),102536
1280,Gang Related (1997),101640
1281,Manny & Lo (1996),32553
1282,"Grass Harp, The (1995)",32455
1283,Out to Sea (1997),44706
1284,Before and After (1996),38355
1285,Princess Caraboo (1994),97493
1286,Shall We Dance? (1937),81534
1287,Ed (1996),52618
1288,Denise Calls Up (1995),88258
1289,Jack and Sarah (1995),85809
1290,Country Life (1994),94006
1291,Celtic Pride (1996),97576
1292,"Simple Wish, A (1997)",78841
1293,Star Kid (1997),83987
1294,Ayn Rand: A Sense of Life (1997),
1295,Kicked in the Head (1997),96332
1296,Indian Summer (1996),91867
1297,Love Affair (1994),89886
1298,"Band Wagon, The (1953)",84503
1299,Penny Serenade (1941),87553
1300,'Til There Was You (1997),89606
1301,Stripes (1981),49223
1302,Late Bloomers (1996),97351
1303,"Getaway, The (1994)",73341
1304,New York Cop (1996),64115
1305,National Lampoon's Senior Trip (1995),87884
1306,Delta of Venus (1994),101458
1307,Carmen Miranda: Bananas Is My Business (1994),98635
1308,Babyfever (1994),113369
1309,"Very Natural Thing, A (1974)",114089
1310,"Walk in the Sun, A (1945)",116589
1311,Waiting to Exhale (1995),117550
1312,"Pompatus of Love, The (1996)",116293
1313,Palmetto (1998),116953
1314,Surviving the Game (1994),115754
1315,Inventing the Abbotts (1997),114093
1316,"Horse Whisperer, The (1998)",115548
1317,"Journey of August King, The (1995)",116601
1318,Catwalk (1995),112537
1319,"Neon Bible, The (1995)",107314
1320,Homage (1995),103644
1321,Open Season (1996),82010
1322,Metisse (Café au Lait) (1993),103678
1323,"Wooden Man's Bride, The (Wu Kui) (1994)",85159
1324,Loaded (1994),115535
1325,August (1996),106262
1326,Boys (1996),83550
1327,Captives (1994),78767
1328,Of Love and Shadows (1994),99030
1329,"Low Life, The (1994)",71233
1330,An Unforgettable Summer (1994),90655
1331,"Last Klezmer: Leopold Kozlowski, His Life and Music, The (1995)",75704
1332,My Life and Times With Antonin Artaud (En compagnie d'Antonin Artaud) (1993),92632
1333,Midnight Dancers (Sibak) (1994),56869
1334,Somebody to Love (1994),51418
1335,American Buffalo (1996),82083
1336,Kazaam (1996),101492
1337,Larger Than Life (1996),37549
1338,Two Deaths (1995),
1339,Stefano Quantestorie (1993),103874
1340,"Crude Oasis, The (1995)",26138
1341,Hedd Wyn (1992),74258
1342,"Convent, The (Convento, O) (1995)",103919
1343,Lotto Land (1995),101540
1344,"Story of Xinghua, The (1993)",55824
1345,"Day the Sun Turned Cold, The (Tianguo niezi) (1994)",74285
1346,Dingo (1992),83722
1347,"Ballad of Narayama, The (Narayama Bushiko) (1958)",87800
1348,Every Other Weekend (1990),13442
1349,Mille bolle blu (1993),91651
1350,Crows and Sparrows (1949),75005
1351,Lover's Knot (1996),115710
1352,Shadow of Angels (Schatten der Engel) (1976),115495
1353,1-900 (1994),117057
1354,Venice/Venice (1992),115751
1355,Infinity (1996),119791
1356,Ed's Next Move (1996),117731
1357,For the Moment (1994),117631
1358,The Deadly Cure (1996),117666
1359,Boys in Venice (1996),116705
1360,"Sexual Life of the Belgians, The (1994)",84116
1361,"Search for One-eye Jimmy, The (1996)",117293
1362,American Strays (1996),
1363,"Leopard Son, The (1996)",117372
1364,Bird of Prey (1996),113557
1365,Johnny 100 Pesos (1993),117477
1366,JLG/JLG - autoportrait de décembre (1994),115988
1367,Faust (1994),115433
1368,Mina Tannenbaum (1994),42354
1369,"Forbidden Christ, The (Cristo proibito, Il) (1950)",110171
1370,I Can't Sleep (J'ai pas sommeil) (1994),99423
1371,"Machine, The (1994)",79945
1372,"Stranger, The (1994)",102975
1373,Good Morning (1971),98382
1374,Falling in Love Again (1980),84726
1375,"Cement Garden, The (1993)",88170
1376,Meet Wally Sparks (1997),92007
1377,Hotel de Love (1996),103776
1378,Rhyme & Reason (1997),96487
1379,Love and Other Catastrophes (1996),100994
1380,Hollow Reed (1996),77631
1381,Losing Chase (1996),84021
1382,"Bonheur, Le (1965)",100114
1383,"Second Jungle Book: Mowgli & Baloo, The (1997)",115471
1384,Squeeze (1996),117773
1385,Roseanna's Grave (For Roseanna) (1997),105690
1386,Tetsuo II: Body Hammer (1992),52287
1387,Fall (1997),73195
1388,Gabbeh (1996),77766
1389,Mondo (1996),85750
1390,"Innocent Sleep, The (1995)",117119
1391,For Ever Mozart (1996),116996
1392,"Locusts, The (1997)",115906
1393,Stag (1997),116695
1394,Swept from the Sea (1997),93822
1395,Hurricane Streets (1998),94155
1396,Stonewall (1995),105435
1397,Of Human Bondage (1934),115633
1398,Anna (1996),116621
1399,Stranger in the House (1997),116999
1400,Picture Bride (1995),117691
1401,M. Butterfly (1993),116410
1402,"Ciao, Professore! (1993)",
1403,Caro Diario (Dear Diary) (1994),
1404,Withnail and I (1987),119783
1405,Boy's Life 2 (1997),115641
1406,When Night Is Falling (1995),112769
1407,"Specialist, The (1994)",117571
1408,Gordy (1995),104691
1409,"Swan Princess, The (1994)",117038
1410,Harlem (1993),116240
1411,Barbarella (1968),116477
1412,Land Before Time III: The Time of the Great Giving (1995) (V),117690
1413,Street Fighter (1994),118163
1414,Coldblooded (1995),117091
1415,"Next Karate Kid, The (1994)",118100
1416,No Escape (1994),116250
1417,"Turning, The (1992)",117364
1418,"Joy Luck Club, The (1993)",
1419,Highlander III: The Sorcerer (1994),67959
1420,Gilligan's Island: The Movie (1998),117028
1421,My Crazy Life (Mi vida loca) (1993),113212
1422,Suture (1993),119731
1423,"Walking Dead, The (1995)",116506
1424,I Like It Like That (1994),116640
1425,I'll Do Anything (1994),119115
1426,Grace of My Heart (1996),120550
1427,Drunks (1995),120390
1428,SubUrbia (1997),112362
1429,Sliding Doors (1998),116704
1430,Ill Gotten Gains (1997),120414
1431,Legal Deceit (1997),118708
1432,"Mighty, The (1998)",119664
1433,Men of Means (1998),110425
1434,Shooting Fish (1997),123281
1435,"Steal Big, Steal Little (1995)",
1436,Mr. Jones (1993),80714
1437,House Party 3 (1994),106535
1438,Panther (1995),118928
1439,Jason's Lyric (1994),119644
1440,Above the Rim (1994),106266
1441,Moonlight and Valentino (1995),106387
1442,"Scarlet Letter, The (1995)",119937
1443,8 Seconds (1994),117907
1444,That Darn Cat! (1965),109949
1445,Ladybird Ladybird (1994),119640
1446,"Bye Bye, Love (1995)",116790
1447,Century (1993),119225
1448,My Favorite Season (1993),116310
1449,Pather Panchali (1955),118111
1450,Golden Earrings (1947),116754
1451,Foreign Correspondent (1940),
1452,Lady of Burlesque (1943),
1453,Angel on My Shoulder (1946),118691
1454,Angel and the Badman (1947),120238
1455,"Outlaw, The (1943)",116565
1456,Beat the Devil (1954),119887
1457,Love Is All There Is (1996),119141
1458,"Damsel in Distress, A (1937)",120357
1459,Madame Butterfly (1995),118548
1460,Sleepover (1995),120317
1461,Here Comes Cookie (1935),120434
1462,"Thieves (Voleurs, Les) (1996)",118042
1463,"Boys, Les (1997)",120318
1464,"Stars Fell on Henrietta, The (1995)",116922
1465,Last Summer in the Hamptons (1995),120036
1466,Margaret's Museum (1995),119008
1467,"Saint of Fort Washington, The (1993)",117544
1468,"Cure, The (1995)",118750
1469,Tom and Huck (1995),
1470,Gumby: The Movie (1995),120014
1471,Hideaway (1995),118762
1472,"Visitors, The (Visiteurs, Les) (1993)",118859
1473,"Little Princess, The (1939)",118702
1474,Nina Takes a Lover (1994),119432
1475,Bhaji on the Beach (1993),116743
1476,Raw Deal (1948),119951
1477,Nightwatch (1997),119572
1478,Dead Presidents (1995),
1479,Reckless (1995),120053
1480,Herbie Rides Again (1974),120152
1481,S.F.W. (1994),
1482,"Gate of Heavenly Peace, The (1995)",118064
1483,"Man in the Iron Mask, The (1998)",115964
1484,"Jerky Boys, The (1994)",116041
1485,"Colonel Chabert, Le (1994)",119528
1486,Girl in the Cadillac (1995),117422
1487,Even Cowgirls Get the Blues (1993),120094
1488,Germinal (1993),118972
1489,Chasers (1994),118829
1490,Fausto (1993),118663
1491,Tough and Deadly (1995),
1492,Window to Paris (1994),
1493,"Modern Affair, A (1995)",116931
1494,"Mostro, Il (1994)",
1495,Flirt (1995),120389
1496,Carpool (1996),118623
1497,"Line King: Al Hirschfeld, The (1996)",119013
1498,Farmer & Chase (1995),119381
1499,Grosse Fatigue (1994),118615
1500,Santa with Muscles (1996),119229
1501,Prisoner of the Mountains (Kavkazsky Plennik) (1996),116762
1502,Naked in New York (1994),116783
1503,Gold Diggers: The Secret of Bear Mountain (1995),118541
1504,"Bewegte Mann, Der (1994)",113314
1505,Killer: A Journal of Murder (1995),
1506,Nelly & Monsieur Arnaud (1995),
1507,Three Lives and Only One Death (1996),119859
1508,"Babysitter, The (1995)",120366
1509,Getting Even with Dad (1994),118586
1510,Mad Dog Time (1996),118783
1511,Children of the Revolution (1996),117050
1512,"World of Apu, The (Apur Sansar) (1959)",
1513,Sprung (1997),120032
1514,Dream With the Fishes (1997),116295
1515,Wings of Courage (1995),120461
1516,"Wedding Gift, The (1994)",115886
1517,Race the Sun (1996),118655
1518,Losing Isaiah (1995),118771
1519,New Jersey Drive (1995),115760
1520,"Fear, The (1995)",115927
1521,Mr. Wonderful (1993),
1522,Trial by Jury (1994),117482
1523,"Good Man in Africa, A (1994)",120383
1524,Kaspar Hauser (1993),105660
1525,"Object of My Affection, The (1998)",120479
1526,Witness (1985),119109
1527,Senseless (1998),119116
1528,Nowhere (1997),116643
1529,Underground (1995),119809
1530,Jefferson in Paris (1995),
1531,Far From Home: The Adventures of Yellow Dog (1995),116920
1532,Foreign Student (1994),120190
1533,I Don't Want to Talk About It (De eso no se habla) (1993),117398
1534,Twin Town (1997),58985
1535,"Enfer, L' (1994)",119578
1536,Aiqing wansui (1994),
1537,Cosi (1996),117615
1538,All Over Me (1997),120087
1539,Being Human (1993),120394
1540,"Amazing Panda Adventure, The (1995)",
1541,"Beans of Egypt, Maine, The (1994)",118556
1542,"Scarlet Letter, The (1926)",115744
1543,Johns (1996),118964
1544,It Takes Two (1995),119567
1545,Frankie Starlight (1995),117359
1546,Shadows (Cienie) (1988),117561
1547,"Show, The (1995)",120118
1548,The Courtyard (1995),118117
1549,Dream Man (1995),114303
1550,Destiny Turns on the Radio (1995),120373
1551,"Glass Shield, The (1994)",118787
1552,"Hunted, The (1995)",118880
1553,"Underneath, The (1995)",116834
1554,Safe Passage (1994),114134
1555,"Secret Adventures of Tom Thumb, The (1993)",112951
1556,Condition Red (1995),120179
1557,Yankee Zulu (1994),117724
1558,Aparajito (1956),117775
1559,Hostile Intentions (1994),113968
1560,Clean Slate (Coup de Torchon) (1981),
1561,Tigrero: A Film That Was Never Made (1994),118127
1562,"Eye of Vichy, The (Oeil de Vichy, L') (1993)",118688
1563,"Promise, The (Versprechen, Das) (1994)",119019
1564,To Cross the Rubicon (1991),120034
1565,Daens (1992),116502
1566,"Man from Down Under, The (1943)",119282
1567,Careful (1992),119502
1568,Vermont Is For Lovers (1992),116949
1569,"Vie est belle, La (Life is Rosey) (1987)",119738
1570,Quartier Mozart (1992),105569
1571,Touki Bouki (Journey of the Hyena) (1973),115856
1572,Wend Kuuni (God's Gift) (1982),57345
1573,Spirits of the Dead (Tre passi nel delirio) (1968),119094
1574,Pharaoh's Army (1995),119098
1575,"I, Worst of All (Yo, la peor de todas) (1990)",116384
1576,"Hungarian Fairy Tale, A (1987)",
1577,"Death in the Garden (Mort en ce jardin, La) (1956)",117076
1578,"Collectionneuse, La (1967)",113425
1579,Baton Rouge (1988),116334
1580,Liebelei (1933),119654
1581,"Woman in Question, The (1950)",119848
1582,T-Men (1947),120512
1583,"Invitation, The (Zaproszenie) (1986)",120133
1584,"Symphonie pastorale, La (1946)",118884
1585,American Dream (1990),116930
1586,Lashou shentan (1992),119173
1587,Terror in a Texas Town (1958),82198
1588,Salut cousin! (1996),119190
1589,Schizopolis (1996),118887
1590,"To Have, or Not (1995)",119081
1591,Duoluo tianshi (1995),120177
1592,"Magic Hour, The (1998)",118570
1593,Death in Brunswick (1991),119896
1594,Everest (1998),119361
1595,Shopping (1994),119152
1596,Nemesis 2: Nebula (1995),118818
1597,Romper Stomper (1992),118883
1598,City of Industry (1997),118966
1599,Someone Else's America (1995),120207
1600,Guantanamera (1994),120112
1601,Office Killer (1997),119311
1602,"Price Above Rubies, A (1998)",119509
1603,Angela (1995),119675
1604,He Walked by Night (1948),119695
1605,Love Serenade (1996),119086
1606,Deceiver (1997),119484
1607,Hurricane Streets (1998),
1608,Buddy (1997),118571
1609,B*A*P*S (1997),118531
1610,"Truth or Consequences, N.M. (1997)",99810
1611,Intimate Relations (1996),102494
1612,"Leading Man, The (1996)",119465
1613,Tokyo Fist (1995),120197
1614,"Reluctant Debutante, The (1958)",119360
1615,Warriors of Virtue (1997),119051
1616,Desert Winds (1995),119874
1617,Hugo Pool (1997),119488
1618,King of New York (1990),
1619,All Things Fair (1996),120102
1620,"Sixth Man, The (1997)",119468
1621,Butterfly Kiss (1995),120169
1622,"Paris, France (1993)",119457
1623,"Cérémonie, La (1995)",120524
1624,Hush (1998),120323
1625,Nightwatch (1997),119174
1626,Nobody Loves Me (Keiner liebt mich) (1994),119123
1627,"Wife, The (1995)",120399
1628,Lamerica (1994),119557
1629,Nico Icon (1995),119632
1630,"Silence of the Palace, The (Saimt el Qusur) (1994)",123953
1631,"Slingshot, The (1993)",118647
1632,Land and Freedom (Tierra y libertad) (1995),120151
1633,Á köldum klaka (Cold Fever) (1994),120402
1634,Etz Hadomim Tafus (Under the Domin Tree) (1994),
1635,Two Friends (1986) ,119349
1636,Brothers in Trouble (1995),120192
1637,Girls Town (1996),
1638,Normal Life (1996),
1639,Bitter Sugar (Azucar Amargo) (1996),118842
1640,"Eighth Day, The (1996)",119326
1641,Dadetown (1995),119164
1642,Some Mother's Son (1996),116631
1643,Angel Baby (1995),119280
1644,Sudden Manhattan (1996),119345
1645,"Butcher Boy, The (1998)",118971
1646,Men With Guns (1997),120029
1647,Hana-bi (1997),119906
1648,"Niagara, Niagara (1997)",119324
1649,"Big One, The (1997)",119107
1650,"Butcher Boy, The (1998)",120481
1651,"Spanish Prisoner, The (1997)",120303
1652,Temptress Moon (Feng Yue) (1996),120539
1653,Entertaining Angels: The Dorothy Day Story (1996),119177
1654,Chairman of the Board (1998),119095
1655,"Favor, The (1994)",119891
1656,Little City (1998),120257
1657,Target (1995),120529
1658,"Substance of Fire, The (1996)",119535
1659,Getting Away With Murder (1996),119338
1660,Small Faces (1995),119080
1661,"New Age, The (1994)",119210
1662,Rough Magic (1995),118900
1663,Nothing Personal (1995),83131
1664,8 Heads in a Duffel Bag (1997),117221
1665,"Brother's Kiss, A (1997)",118689
1666,Ripe (1996),119327
1667,"Next Step, The (1995)",119592
1668,Wedding Bell Blues (1996),119832
1669,MURDER and murder (1996),120275
1670,Tainted (1998),120490
1671,"Further Gesture, A (1996)",119527
1672,Kika (1993),119978
1673,Mirage (1995),118749
1674,Mamma Roma (1962),90329
1675,"Sunchaser, The (1996)",119365
1676,"War at Home, The (1996)",120201
1677,Sweet Nothing (1995),118901
1678,Mat' i syn (1997),107282
1679,B. Monkey (1998),118836
1680,Sliding Doors (1998),120148
1681,You So Crazy (1994),119707
1682,Scream of Stone (Schrei aus Stein) (1991),120382
